ShipperID,CompanyName,Phone
1,Cameron and Sons,(540)249-4273x828
2,Graham Inc,001-991-676-3922x231
3,Taylor-Hernandez,465.672.1551
4,"Greene, Wright and Fuller",+1-341-639-5943
5,Lopez PLC,(786)684-6789
6,Gibson Ltd,542.865.4921x4121
7,"Kim, Reese and Schroeder",798-957-8413
8,"Jones, Barrera and Smith",+1-840-604-5272
9,"Fuentes, Butler and Bennett",+1-308-807-6399
10,Vaughn-Roach,(340)392-7470
11,"Perry, Martinez and Thomas",412.952.0962
12,Flores-Dunn,826.506.6199
13,"Bailey, Sanders and Fitzgerald",(479)208-5211x8194
14,Smith PLC,+1-300-264-0520x846
15,Jones-Miranda,(858)785-9725
16,Black-Quinn,661-556-2288x625
17,"Newman, Moore and Roberts",859-560-8527x867
18,Sanchez and Sons,943.615.0375x972
19,Garcia Inc,677.799.9041x643
20,Schwartz PLC,207.273.2996
21,Jackson-Perez,308.287.6741
22,"Vincent, Cox and Hunter",905-503-3630x325
23,"Garcia, Mack and Alexander",+1-790-201-0262x853
24,"Fisher, Blair and Mcintosh",228.568.1773x4159
25,"Graham, Morgan and Ballard",+1-996-884-8598x5414
26,Snyder-Blankenship,244-336-8480x800
27,"Graham, Brown and Garcia",432-348-0725x98265
28,Nunez LLC,734-947-0844x697
29,Armstrong Inc,(282)844-5597x61969
