SupplierID,CompanyName,ContactName,Phone,StreetAddress,Country
1,"Lloyd, Cruz and Jones",Cameron Collins,001-780-646-9334x93402,17819 Randy Manors,Tunisia
2,Johnson-Horne,Julie Riddle,(828)958-5028x712,453 Connor Crossing,Botswana
3,Wilcox-Carrillo,Jacob Barber,+1-865-706-7653x078,96495 Perez Ville,Bhutan
4,Moore Ltd,Sara Lambert,(551)856-0040x0683,68169 Travis Ports,Bangladesh
5,Pierce-Jackson,Danielle Moore,(205)600-5483x371,5458 Nicholas Road Suite 255,Northern Mariana Islands
6,Williams and Sons,Ashley Griffin,624-361-7212,286 Nelson Mews,Germany
7,Parker-Williamson,Luke Whitehead,6823899826,910 Lee Garden,Faroe Islands
8,Dawson-Santiago,Mr. Mark Scott DDS,892.800.7199,21576 Williams Cape Suite 450,San Marino
9,Thomas LLC,Tristan Cole,+1-870-882-1601x645,3208 Kathryn Center Apt. 840,Denmark
10,Green-Wilkinson,Thomas Patel,+1-800-468-7715,42323 David Field Apt. 493,Korea
11,Byrd-Grant,Aaron Smith,(330)445-6424x217,396 Carla Extensions,Korea
12,Williams Inc,Edward Larson,(920)399-2398x41707,83171 Richard Dale Suite 437,Puerto Rico
13,"Norman, Cordova and Fry",Alicia Crawford,001-534-390-3752x88139,377 John Green Suite 201,Bermuda
14,Moore-Newman,Brandon Rodriguez,001-544-877-3670x23601,638 Allison Lake Suite 427,Switzerland
15,Ruiz Ltd,Matthew Shields,7957659408,8581 Burns Extensions,Yemen
16,Ross LLC,Raymond Weeks,(763)301-1550,904 Vasquez Mountains Suite 226,Cambodia
17,"Boyer, Avila and Johnston",Bryan Donovan,887.520.2196x1980,8558 Derek Corners Apt. 705,Holy See (Vatican City State)
18,"Johnson, Larson and Porter",Jessica Klein,+1-262-295-1152x6562,007 Day Forges Apt. 187,Cuba
19,Graham-Holder,Emily Williams,936.268.9522,7266 Briggs Trail Apt. 618,Kuwait
20,Logan LLC,Teresa Porter,747.588.0204,0775 Brad Port,Sweden
21,Smith Ltd,Gary Burns,724-706-3927x00190,22384 Donald Keys Suite 662,Uzbekistan
22,Edwards LLC,Matthew Terry,001-959-978-2614,3094 Haley Burg,Swaziland
23,Bryant Inc,Vincent Bell,001-272-403-4788x299,36412 Thompson Trafficway,Nepal
24,Burton-Williams,Kara Wilson,455-406-9466x02833,763 Frazier Passage Apt. 901,Algeria
25,"Morris, Arnold and Scott",Cynthia Williams,638.697.4067,9631 Kendra Ridges Suite 061,Paraguay
26,Richardson-James,Thomas Mcmillan,+1-802-497-3607,899 Susan Groves Apt. 808,Syrian Arab Republic
27,Phillips-Torres,David Freeman,(829)374-6271,9814 Leonard Stream,Vanuatu
28,Butler Group,Nathan Nolan,(842)740-7049,865 Johnson Forks,Eritrea
29,"Ellis, Jones and Flores",Douglas Edwards,001-587-909-2906x01872,67436 Kristine Lodge,British Indian Ocean Territory (Chagos Archipelago)
30,Jordan LLC,Jessica Campbell,+1-834-525-6271x811,89177 Jeffery Squares,Syrian Arab Republic
31,George Group,Melissa Salas,+1-421-489-9702x8909,34889 White Springs,Ecuador
32,Hill-Patel,Karen Henry,805.698.9303,0327 David Fords,American Samoa
33,Robinson-Roberson,Adam Rose,9133210210,93559 Cooper Square,Swaziland
34,Kelly-Espinoza,Joshua James,(412)576-8539x941,06987 Jennifer Rest Suite 539,Nigeria
35,Bell-Nichols,Carol Hayes,001-828-361-9947x0025,0889 Bell Canyon,Belize
36,Carr-Boyd,Miguel Lewis,2875804635,2660 Rodriguez Wells,North Macedonia
37,Ramsey Ltd,Justin Davis,5369901812,6422 James Radial,British Virgin Islands
38,Thomas PLC,Natasha Smith,725-861-3666x62157,2149 Jones Forge,Uzbekistan
39,"George, Farrell and Page",Kathryn Donaldson,+1-432-818-0478,24142 Vanessa Mount,Liechtenstein
40,"Jefferson, Brown and Sanchez",Richard Smith,001-993-552-5659,4999 Gibbs Oval,Tuvalu
41,Nash LLC,Brian Mccormick,730.689.8070x36215,75820 John Row,Haiti
42,Roberson-Johnson,Vincent Jackson,9198769289,999 Hahn Station,Burkina Faso
43,Thomas-Moore,Christopher Gonzalez,3204200210,365 Mitchell View Suite 043,Albania
44,Richardson PLC,Paula Valenzuela,851.746.7601x4279,9006 Kevin Parks,Nicaragua
45,"Ball, Osborn and Daniels",Jorge Strong,(729)748-3665x03035,823 Daniel Station Suite 892,Brunei Darussalam
46,Perry Group,Diane Nelson,001-960-620-7898,2109 Murray Terrace Apt. 391,Holy See (Vatican City State)
47,Thompson and Sons,Christopher Williams,567-976-5472x10520,74674 Coleman Fork,Belgium
48,Reed-Wilson,Kenneth Thomas,916-688-4624x5205,285 Bell Mountain,Philippines
49,"Scott, Abbott and Ballard",Robert Patterson,3696400156,540 Savage Pine,Angola
50,Reed Group,Karen Schneider,001-965-722-0692x1791,493 Kidd Camp,Bulgaria
51,Baker-Short,Brandon Freeman,356.400.1071x10934,484 James Center,Mongolia
52,Moody-Moore,Stacy Espinoza,394-352-1471x91543,724 Andrews Wells,Brazil
53,Robinson-Owen,Matthew Golden,001-563-302-0151x733,82507 Kayla Hills,Andorra
54,York-Fields,Thomas Morgan,204-847-7420,06722 Smith Tunnel,Cocos (Keeling) Islands
55,"Adams, Thompson and Pittman",Marcus Hampton,(525)579-8401x2101,1643 Wilson Ridge Suite 189,Ukraine
56,Morgan and Sons,Robert Atkinson,7149056314,78362 Huff Landing Suite 303,Dominica
57,Baker PLC,Cassandra Cunningham MD,(682)327-8329x6787,945 Brown Gardens,Turkmenistan
58,Bennett-Gonzalez,Amy Lloyd,(787)499-4566x07366,377 Davis Haven Apt. 780,Pakistan
59,"Barr, Hoffman and Underwood",Alex Gomez,+1-505-661-8909x32826,91363 Burnett Ways Apt. 275,Burkina Faso
60,Henry-Holden,Miss Jill Taylor,001-669-628-1532,3046 Daniel Falls,North Macedonia
61,Knox and Sons,Autumn Jones,481-958-8999x0596,00779 Fernando Island,Lithuania
62,"Garrett, Cooper and Figueroa",Melissa Hurst,476.553.3535,88051 Kayla Stream,India
63,"Olsen, Jackson and White",Angel Henderson,239.218.7017x072,283 Alicia Mountain,United Kingdom
64,Gutierrez Inc,Renee Browning,871.659.7366x53858,2441 Tammy Union Apt. 039,Dominican Republic
65,Spears and Sons,Richard Ruiz,652.424.2705x33411,3350 Bruce Lock,Congo
66,Jensen-Anderson,Seth Webster,556.769.6109x052,2432 Lewis Pike Apt. 965,Bulgaria
67,Diaz-King,Joseph Huffman,908.415.8949x89821,775 Williams Passage Apt. 081,Netherlands Antilles
68,Ramirez Group,Casey Keller,524-657-2748,66098 Wheeler Gardens Suite 140,Niue
69,"Rose, Copeland and Collins",Matthew Washington,(792)336-1309x3963,577 Pittman Union Suite 813,Saint Pierre and Miquelon
70,Gonzalez-Meza,Lisa Wilson,769-317-5922x9515,763 Stanley Mountains,Tanzania
71,Dean Ltd,Latoya Lewis,258-297-1311,50492 James Oval,France
72,"Smith, Jordan and Farley",Charles Patterson,9089312880,457 Brown Roads Suite 948,Macao
73,Cruz Ltd,Carla Martin,+1-871-425-1945x75495,657 Fox Camp Apt. 432,Guadeloupe
74,Aguirre-Martinez,Amy Smith,001-806-704-8725x408,55984 Li Manors Suite 441,Rwanda
75,"Williams, Gates and Foley",Bethany Morgan,001-905-470-3569x72143,732 Shawn Estates,Belize
76,Lynch-Weeks,Monica Fisher,(302)426-1999,771 Erica Row,Saint Helena
77,Smith-Anderson,Elizabeth Silva MD,001-564-926-9655x2631,43673 Alexis Canyon Apt. 764,Syrian Arab Republic
78,Taylor-Young,Pamela Fleming,261.479.5359x1851,11248 Cooper Pines Apt. 085,Kazakhstan
79,Lawrence PLC,Daniel Bennett,539.243.1779x253,047 Brown Lake,San Marino
80,"Brown, Jennings and Dunn",Connor Walker,464-205-8189x91830,57629 Chelsea Hills,Congo
81,Arnold-Thomas,David Roman,353.521.2077x8264,0409 Caldwell Lodge Apt. 804,Bahrain
82,"Gallegos, Moore and Patrick",Jose Perry,+1-452-356-2047x29248,468 Antonio Trail Suite 325,Tunisia
83,Wright and Sons,Hayden Downs,+1-273-321-6648x31976,5323 Derrick Curve,Greenland
84,Taylor-Williams,Taylor Walsh,(448)704-1292x515,60473 Sanchez Garden,Maldives
85,"Underwood, White and Spencer",Richard Hernandez,916-459-1535x090,9676 Ramirez Spurs,Falkland Islands (Malvinas)
86,"Berry, Byrd and Mcconnell",Abigail Roberts,001-675-452-1586x677,026 Galloway Stream,Italy
87,Clark-Martin,Lisa Gonzalez,734-377-7833x9861,0075 Spencer Light,Italy
88,"Gibson, Forbes and Webster",Anthony Alvarez,271.732.6225x06869,080 Steve Unions Apt. 641,Ireland
89,Berg and Sons,Sandra Barber,(436)500-2192x727,714 Brown Estates Apt. 608,Cuba
90,"King, Carroll and Strickland",John Morris,515.738.0554x814,168 Murray Burgs Apt. 175,Jamaica
91,"Martin, Gallagher and Gonzalez",Deanna Beard,+1-575-468-7509x46596,50858 Lopez Walks Suite 483,France
92,Glover-Pitts,Hannah Hill,(483)574-1533x0499,714 Marquez Locks,Pitcairn Islands
93,Jacobson Inc,Brandon Chang,262-243-1562,153 Schultz Mount,Bhutan
94,Hayden-Lane,Dana Carpenter,+1-204-261-9087x703,954 Karen Port,Estonia
95,"Brown, Jones and Liu",Angela Baker,+1-687-967-5111x8395,95346 Cohen Overpass,New Caledonia
96,Klein-Davis,Nicole Rogers,001-672-969-2773x3121,726 Amanda Parks,Korea
97,Murphy-Phillips,Jose Atkins,(522)686-8770x7348,0015 Jacob Underpass Apt. 377,Vanuatu
98,Solis-Williams,Peggy Lucas,+1-448-566-2721x5296,705 Allen Ports Suite 035,Egypt
99,Phillips Inc,Logan Bradley,(241)970-7739x63873,24954 Owens Throughway Apt. 747,Congo
100,"Parker, Jimenez and Conrad",Scott Patterson,(616)201-0331,409 Traci Skyway,Yemen
101,"Marshall, Thornton and Robles",Michael Wilson,9563253026,9747 Deborah Isle Apt. 926,Mongolia
102,Thompson-Ortiz,Tiffany Gonzalez,(653)679-9693,2361 Vanessa Common Apt. 042,Romania
103,Woods-Bennett,Anthony Allen,+1-845-201-7491x236,36451 Booth Causeway Apt. 522,Reunion
104,Mcmillan Ltd,Mr. Benjamin Estrada MD,+1-413-644-6598,62565 Evan Knoll Suite 440,Tonga
105,Johnson Inc,Jennifer Sanchez MD,001-292-507-2899x58842,26610 Rosario Forks Suite 249,Ireland
106,Hansen-Whitaker,Brianna Robinson,508-395-9723x744,88575 Roman Manors,Turkey
107,Hodge-Fuller,Angela Edwards,656.642.9790x328,61707 Gordon Pass Apt. 354,Australia
108,Riley-Benson,Kylie Lopez,953-833-5601x0462,070 Garcia Falls,Australia
109,"Taylor, Morris and Duran",Joseph Franklin,968.566.8718x81521,15548 Bell Crescent Apt. 283,Spain
110,Garcia and Sons,Christopher Munoz,001-350-677-7566x9601,604 Thomas Ville Suite 056,Romania
111,King PLC,Tyler Taylor,442.413.1329x2384,7825 Howard Green Suite 648,Croatia
112,Barnett-Gray,Nicole Chen,439.662.3298x78354,95793 Harris Creek Apt. 021,Uzbekistan
113,Robinson PLC,Valerie Adams,967-506-5922x608,71680 Morrison Station,Puerto Rico
114,Cooke-Daniel,Jacob Hernandez,001-207-663-4805,1515 Laura Viaduct,Zimbabwe
115,"Frank, Henderson and House",Thomas Collins,279-753-8673,88553 Fletcher Pines Suite 740,Paraguay
116,Perkins PLC,Rhonda Clark DDS,493.723.0385x20511,336 Kenneth Greens Apt. 503,Taiwan
117,"Cabrera, Meyer and Garner",Cassandra Jones,001-342-796-1599x137,871 Walters Meadows Suite 866,Uruguay
118,Johnson-Smith,Kelli Mcbride,(947)669-8606x9065,41471 Brandon Mill Suite 009,Tonga
119,"Martinez, Ramirez and Reynolds",Allen Lawson,+1-646-214-6951x628,389 Rogers Islands Apt. 234,Peru
120,"Moore, Ryan and Perry",Henry Benjamin,001-792-965-6018,2797 Thomas Trafficway,Thailand
121,"Osborne, Morgan and Gregory",Susan Anderson,001-550-280-1025x6961,11414 Joshua Brook,Zambia
122,Davis Inc,Jasmine Morris,001-367-709-3514x21603,63072 Patterson Ridge Suite 403,San Marino
123,"Cuevas, Williams and Romero",Eric Morgan,(865)437-7814x612,25583 Patricia Fields Apt. 854,Norway
124,Owens-Dunn,Wesley Jennings,529.394.1581x654,12653 Eric Spur Apt. 981,Central African Republic
125,Cunningham-Johnson,Autumn Nguyen,(252)904-5866x70119,54421 Hernandez Lake Suite 559,Myanmar
126,Carpenter Inc,Linda Miller,2334032739,9164 Mcgee Cove Suite 461,Niger
127,Lopez-Campos,Scott Montoya,(750)498-7243,4736 Woods Ridges Apt. 632,Central African Republic
128,"Carter, Gilmore and Miller",Timothy Murphy,001-920-211-8059x5924,028 Janet Land Apt. 790,Rwanda
129,Patterson Group,Allen Smith,(901)372-6071x36692,073 Eddie Estates,Eritrea
130,Fry Inc,Joshua Moreno,824-467-8156x1473,6030 Anthony Forges Suite 498,American Samoa
131,Bowman Inc,Eileen Bishop,(537)306-6420x538,82647 Horton Pass,Comoros
132,Hill-Rowe,Brittany Smith,+1-614-383-5007x94925,829 Amanda Place,Niue
133,"Banks, Mayer and Davis",Rachel Jones,340.878.3861x4183,0243 Brian Squares,Pakistan
134,"Hernandez, Conner and Torres",Dr. Donna Mcguire,001-543-841-3170x34293,32338 Eddie Village Apt. 790,Qatar
135,Yang and Sons,Stephen Johnston,001-548-737-5789x247,74178 Lauren Mountain Apt. 803,Ethiopia
136,Anthony Ltd,Leslie Mccoy,937.282.3348,394 Ruiz Inlet Suite 239,British Indian Ocean Territory (Chagos Archipelago)
137,Lopez-Frank,Brittany Moore,001-318-262-0399,3936 Bowman Branch Apt. 359,Guinea
138,"Alvarez, Russell and Phillips",Ronald Alexander,(629)423-0048,286 Morrison River Suite 935,Cayman Islands
139,Knight Group,Brian Barrett,602.647.4917x3991,3276 Tonya Street Suite 814,Hungary
140,"Monroe, Ward and Walters",Ann Meyer,001-634-855-4649,3747 Frances Knolls Suite 138,Suriname
141,Decker-Mccarthy,Nicholas Gordon,(378)312-1353x853,63965 Christine Roads,Yemen
142,Morales-Foster,William Taylor,(485)695-6400x95413,9835 Brian Corner,Spain
143,Cantu Group,Robert Cook,(391)775-1990x61080,41186 Jennifer Road,Trinidad and Tobago
144,Torres-Higgins,Amanda Perkins,+1-549-739-7153x117,48374 Daniel Drive,Suriname
145,"Leblanc, Mason and Yates",Justin Nicholson,(487)716-5722x145,028 Pacheco Trail Suite 415,Mali
146,Mccarty-Santiago,William Douglas,001-436-820-1144x15032,2815 Sullivan Crescent Suite 133,Uzbekistan
147,Harris Ltd,Kristie Morris,(570)992-8084x566,2009 Katherine Creek,Lesotho
148,"Morton, Baird and Berry",Beth Griffith,327-609-9828x4291,16043 Amanda Square Suite 927,Syrian Arab Republic
149,"White, Stewart and Preston",Charles Mccormick,572.462.7535,281 Alicia Manors Apt. 657,Hong Kong
150,"Cox, Ramirez and Collins",Harold Jensen,386-550-4073,52134 Melissa Knolls,Vanuatu
151,Jones-Montes,Dana Arnold,419-959-1927,520 Stewart Row,Tajikistan
152,"Briggs, Walton and Rodriguez",Edward Schultz,525.747.2717x5252,1083 Suarez Bypass Suite 686,Saint Helena
153,"Smith, Curry and Frederick",Kathy Curry,(821)842-3297x4305,589 Nelson Locks Suite 138,Dominica
154,Sparks-Simmons,Judith Patterson,(473)231-0755x261,54881 Rivers Trail,Sao Tome and Principe
155,Jackson PLC,Veronica Berger,236.585.8221,184 Bradford Ramp,Canada
156,"Green, Ramirez and Acevedo",Brandon Carter,(259)566-0727x86356,946 Donaldson Isle Apt. 369,Samoa
157,Kaiser LLC,Alan Cantu III,(346)316-8460x92494,32718 Theodore Bypass,Honduras
158,"Shaffer, Rodriguez and Flores",Tracy Green,+1-657-986-8507x71140,2925 Griffin Fords Suite 182,United States of America
159,Holland-Morgan,Bill Martin,656-411-2618x89149,920 Jeremiah Extension,Jamaica
160,"Weaver, Leblanc and May",Joshua Erickson,+1-328-274-5315x7259,0332 Jones Cape Suite 093,Cyprus
161,Holland-Bishop,Amy Freeman,694-256-6145,514 Kimberly Mountain Suite 799,New Caledonia
162,Gibson-White,Sarah White,229.508.4264x08829,914 Rhonda Courts Suite 666,Chad
163,"Henry, Flores and Lyons",James Fox,+1-432-765-0484x87362,4349 Kelly Ford Apt. 041,French Guiana
164,"Williams, Wong and Holmes",Dr. Christopher Walsh,8538467867,515 Reginald Burgs Apt. 652,Singapore
165,Freeman Group,Jason Schultz,+1-357-989-1326x64247,2835 Anne Rapids Suite 849,Israel
166,Chambers PLC,Laura Page,392-513-8097,324 Aaron Landing,Pakistan
167,Wright and Sons,Ray Garza,2124553339,26889 Charles Ridge,Israel
168,"Guzman, Moore and Bowen",Daniel Young,(381)506-3129x2763,606 Dean Shores Apt. 056,Lesotho
169,"Rose, Weeks and Wilson",Michael Sanchez,+1-243-520-4076x43227,004 Kayla Port,Peru
170,Klein and Sons,Andrew Dawson,001-440-499-6149,69832 Brooks Causeway Apt. 766,Nauru
171,Daniels Inc,Heather Jimenez,297.854.1261x93989,32165 Bradley Falls,Bermuda
172,Thompson-Wolf,Brandon Bray,811.627.0746x118,3651 Matthew Mews,Macao
173,Shaffer-Wise,Nicholas Baldwin,5716927384,4911 Shawn Ville,British Indian Ocean Territory (Chagos Archipelago)
174,Stewart-Cruz,Monique Hughes,246.310.7650x00011,150 Tara Wall Apt. 598,United States of America
175,"Ramirez, Sanders and Diaz",Anthony Taylor,394.600.5215x8140,06474 Romero Estate Suite 704,Niger
176,"Schwartz, Snyder and Thomas",David Terrell,414-557-7175,963 Angela Expressway,Venezuela
177,Copeland-Ruiz,Charles Horne,799-317-5423x50657,5356 Matthew Radial,Vietnam
178,"Francis, Kirby and Brown",David White,7412286581,58816 Wesley Circles,Greenland
179,Baker LLC,Phillip Henderson,284-451-9874x9326,01382 Hanson Ridge,Greenland
180,"Quinn, Ward and Jordan",Jason Black,4206567909,724 Susan Stream,Fiji
181,Smith-Wood,Joshua Watson,537.401.5846x123,9236 Vasquez Mission,Pitcairn Islands
182,Leon PLC,William Johnson,(717)272-0830x0909,441 Gregory Ville Suite 083,Christmas Island
183,"Nichols, Johnson and Coleman",David Little,283.718.3161,723 Hodges Gateway,Guinea-Bissau
184,"Brown, Clark and Murillo",Melissa Landry,001-917-601-4883,77726 Tracy Skyway,Czech Republic
185,"Brooks, Greene and Coleman",Lindsey Smith,+1-538-244-2138x1302,0521 Reynolds Port Apt. 895,Madagascar
186,Ortiz LLC,Raymond Johnson,(348)954-6848x643,239 Christopher Creek Apt. 097,Aruba
187,Richardson and Sons,Chelsea Jackson,(919)220-1505x34684,353 Mccall Tunnel Apt. 144,Vanuatu
188,"Christensen, Baker and Lopez",Bradley Allen,+1-749-275-6941x398,538 Ellis Gardens,Jordan
189,Clark LLC,Julia Foster,+1-618-286-5994,109 Hines Run Apt. 154,Solomon Islands
190,Murray-Davis,Kristin Johnson,4443795399,813 Henry Squares,India
191,Hansen-Sims,Yvonne Flores,844-513-9294,2142 Emily Circles Apt. 047,Dominica
192,"Bright, Snyder and Ortiz",Michelle Blair,229-824-7569,13958 Ronald Highway,Trinidad and Tobago
193,Stevens PLC,Anthony Cox,(689)999-8448,639 Shea Pine Apt. 258,Belgium
194,Nelson-Porter,Sharon Smith,8957246572,820 Adams Plains Suite 319,Turks and Caicos Islands
195,Lee Group,Thomas Fritz,+1-815-593-3581,27712 Wilson Mews Suite 742,Marshall Islands
196,Fletcher-Kane,Brandon Taylor,6856458650,7139 Kyle Ferry Suite 243,Saint Helena
197,Matthews-Cox,David Burke,001-612-613-7085x14611,1411 Maurice Walk Apt. 173,Holy See (Vatican City State)
198,Carter-Taylor,Dr. Larry Brown,+1-672-736-1521x99548,158 Marshall Squares,Macao
199,"Adams, Day and Hodges",Chad Ramsey,268.837.1123x40984,7870 Susan Shoal Suite 390,Northern Mariana Islands
200,Valdez PLC,Linda Petersen,844-784-0851,9654 Monroe Fields,Djibouti
201,Moore LLC,Samantha Pittman,917.509.6567,5190 Guzman Freeway Suite 310,Moldova
202,"Jones, Taylor and Baker",Joshua Frost,+1-429-474-0529x398,77463 Cheryl Plain Apt. 403,Haiti
203,Jones-Hunter,Alyssa Vang,459-277-9392,545 Victoria Mission Apt. 628,Malta
204,Rogers-Green,Justin Garrett,001-573-712-3442x2905,67625 Nichols Coves,Lithuania
205,Martinez Inc,Jamie Kirby,001-656-563-3987x771,408 Christy Vista,British Indian Ocean Territory (Chagos Archipelago)
206,Smith-Hayden,Samantha Harris,9053624230,52261 Natalie Knolls Suite 966,Cambodia
207,Gilmore and Sons,Bryan Atkins,+1-672-657-6008x3670,62018 Andrews Roads,Iceland
208,Gibson-Armstrong,Howard Daniels,(850)837-9677x4987,78203 Diane Land,El Salvador
209,"Smith, Ward and Chambers",Kent White,+1-629-741-5891x2601,538 Singh Flat Suite 560,Uganda
210,Hicks-Torres,Jasmine Grant,326.248.2411x873,38369 Jacobs Light,Cambodia
211,Park PLC,James Turner,7167356140,26130 Booth Wells,Cocos (Keeling) Islands
212,Williams Group,William Hayes,+1-690-894-0576x05848,97809 Edward Ways Suite 713,Reunion
213,Robertson and Sons,Dr. Jack Mendoza,926-978-5386x678,3040 Sean Loop,Norfolk Island
214,Scott Ltd,Christie Larson,532-510-6577x4254,2514 Sharon Flats Apt. 529,Angola
215,Cochran-Brock,Charlene Frazier,394.928.2777,51714 Morris Stream Suite 249,Kyrgyz Republic
216,Hall Ltd,Anthony Edwards,271.254.3539,865 Jessica Plaza,Botswana
217,Rivera PLC,Paula Mcdonald,(626)277-3145x8219,0140 Mckenzie Square Apt. 268,Faroe Islands
218,Ellis Inc,Joshua English,001-543-587-5449x22108,453 Johnson Vista,Sudan
219,Bishop-Ramsey,Christine Flores,(830)746-5611x792,0083 Abigail Station Suite 106,Canada
220,"Rocha, Thompson and Barron",George Anderson,523-563-9555,5974 Lauren Path Suite 172,Holy See (Vatican City State)
221,Williams Group,William Hendrix,936-490-5244,95074 Robert Centers Apt. 697,Romania
222,"Guerrero, Green and Blackwell",Mandy Sanchez,+1-564-377-9184,84924 James Throughway,Aruba
223,Joseph LLC,Kyle Peterson,+1-738-763-7975,446 Bennett Corners Apt. 465,Singapore
224,Stephens-Cohen,Jacob Williams,+1-532-908-1647x00806,8006 Bryan Pines Apt. 182,Iran
225,Lynch-Parker,Charles Matthews,371-584-2374,496 Jamie Ports Apt. 398,New Zealand
226,"Wallace, Lee and Gray",Mrs. Sherry Petty MD,589.210.6841x79979,929 Tristan Via,Kazakhstan
227,"Ward, Allen and Price",April Lewis,717.628.9268x2343,8599 Gill Way,Trinidad and Tobago
228,Oliver and Sons,Nicole Gutierrez,+1-887-886-8917,469 Natalie Radial Apt. 563,Solomon Islands
229,Garcia and Sons,Joseph Martinez,309.699.0818x4317,8940 Davis Plaza Suite 110,United States of America
230,"Perez, Perez and Barrett",Michael Weber,+1-491-417-7731x5506,74301 Orr Bridge Suite 784,Syrian Arab Republic
231,Lee and Sons,Brittany Mooney,549.900.0556x9388,468 Tanner Lock,Australia
232,Watson PLC,Jonathan Ruiz,001-309-834-5208x1458,18073 Andrews Extensions,Brunei Darussalam
233,Everett and Sons,Melvin Carroll,+1-507-292-0051x26532,549 Mills Stream Suite 178,Greenland
234,Horn-Copeland,Tabitha King,(838)652-0270,81687 Boyd Mission Suite 563,Tajikistan
235,Benjamin LLC,Rachel Miller,938-314-5635,2296 Watts Station Apt. 994,Tajikistan
236,Blackwell-Murphy,Cynthia Young,840.483.7865x9651,2320 Mary Mills Apt. 841,Antigua and Barbuda
237,Jackson Group,Phillip Diaz,+1-768-876-8280,6966 Brooke Lock Suite 600,Romania
238,Martinez Inc,Mary Torres,5097129545,095 Christopher Groves Suite 018,Burundi
239,Johnson-Klein,Michael Conner,617-436-7108,5013 Michael Light,Costa Rica
240,Barry-Gallegos,Leslie Robbins,787-487-4196x99913,53542 Hahn Spring,Hong Kong
241,"Potter, Love and Cobb",Ann Long,(530)727-6824,47644 Andrea Shoals Suite 355,Hungary
242,Daniel LLC,Johnathan Smith,+1-918-486-9462x946,9003 Brandon Parkway,Kyrgyz Republic
243,Shaw-Baker,Daniel Howell,622-636-3807x31929,61532 Jonathan Manor Suite 913,Ukraine
244,"Stevens, Harrison and Wood",Brianna Peterson,749.307.0699x97462,0933 Yu Dam Apt. 990,Macao
245,Nelson-Newton,Sandra Wright,(683)212-1074x4131,1564 Jennifer Trail,Christmas Island
246,Myers PLC,Laurie Ryan,+1-537-760-5445x89810,811 Arthur Burg Suite 590,Wallis and Futuna
247,"Jones, Levine and Cantu",Richard Butler,878-898-3857x7023,147 Mcmahon Key,Tokelau
248,Barnes Group,Chad Lewis,7918554806,83492 Laura Turnpike Suite 561,Cameroon
249,"Pace, Beasley and Mcclure",Sarah Harris,(868)207-8044x5117,17797 Lisa Cliffs,Christmas Island
250,Ford LLC,Patricia Jones,001-617-340-4027,2826 Phillips Stravenue Apt. 210,Mauritania
251,Rangel-Mack,David Fernandez,945.583.0926x960,6064 Marquez Key,Oman
252,"Bailey, Smith and Molina",Joseph Garcia,674-563-0930,265 Joseph Ridge Apt. 016,Senegal
253,Mcconnell-Anderson,Jonathan Everett,970-427-1860,101 Phillips Crossing,Antarctica (the territory South of 60 deg S)
254,Meadows Ltd,Diane Allen,393.987.4913,760 Jonathan Village Suite 606,Denmark
255,Bishop-Mccall,Cindy Greene,+1-563-546-2604x818,46517 Compton Ford,Palau
256,"Rodriguez, Waters and Vaughn",Eric Collins,672-956-1677x062,0435 Higgins Mill,Swaziland
257,Singleton-Sanders,Melissa Ward,(393)903-4594x60638,81456 Barbara Mountains Apt. 449,Comoros
258,Duncan Ltd,Emily Harmon,497-912-5472,21817 Holly Walks Suite 547,Andorra
259,Anderson-Ray,Patricia Harding,+1-620-889-1610x20860,2907 Terry Way,Myanmar
260,"Burke, Maxwell and Beltran",Kenneth Haynes,(559)785-8987,860 Fleming Fields,Portugal
261,Jennings PLC,Jeremy Allen,(635)792-8265x9628,8490 Yolanda Camp Apt. 937,Comoros
262,"Leach, Cox and Warren",Joseph Mcdaniel,(851)984-2579x514,75338 Carlos Expressway Apt. 615,Belgium
263,Henry and Sons,Thomas Ramirez,573-224-8877x395,9646 Williams Villages,Iraq
264,"Duncan, Montoya and Hamilton",David Carter,728-830-5627,210 Brown Forks,Vanuatu
265,Bennett-Tucker,Crystal Harrington,334-405-8295,121 Traci Drive,Bangladesh
266,"Macias, Delgado and Pope",Jennifer Foster,953.362.1861x92355,5831 Savannah Mews,Saint Vincent and the Grenadines
267,Rogers Group,Curtis Deleon,8817754396,0847 Heather Walks,Albania
268,"Salazar, Trevino and Lewis",Scott Dixon,3728571348,3883 White Path Suite 593,Myanmar
269,"Ryan, Robertson and Ortega",Arthur Morrison,(576)301-4149x345,97766 Matthew Springs Apt. 952,North Macedonia
270,Scott Ltd,Jacob Jones,+1-793-845-7702x8967,26761 Breanna Overpass,Sweden
271,"Payne, Dennis and Stewart",Evan Wright,473-481-3131x86427,527 Angela Mission Suite 556,Mozambique
272,"Reid, Anderson and Murray",Paula Bradford,939.750.6099,1257 Martinez Coves,Seychelles
273,Gregory and Sons,Kevin Wilson,+1-849-244-0442,78120 Porter Estate Suite 172,Switzerland
274,Crawford-Thompson,Heather Brown,521.421.0545,8151 Mills Lock Apt. 966,Jordan
275,"Castaneda, Rush and Lewis",Steven Caldwell,001-475-727-1099x267,0016 Barrett Plains,Andorra
276,Moran-Jimenez,Joseph Werner,445.629.2531x50699,3845 Beck Plain Apt. 620,India
277,"Andrews, Fernandez and Short",Mary Washington,760-209-6118x76349,144 Kristina Cape Apt. 144,Bermuda
278,"Hernandez, Henry and Herrera",Sherry Bradshaw,+1-679-986-1314,46961 Schwartz Road Suite 660,Guadeloupe
279,Stevens-White,Courtney Harvey,+1-223-660-0134x0132,3480 Burton Branch,Uruguay
280,Willis Inc,Adam Thornton,+1-381-355-2851,64442 Willie Points,United States Minor Outlying Islands
281,"Diaz, Garcia and Lowe",Megan Mccormick,(650)281-7666x15577,95250 Wood Village Suite 230,Bermuda
282,"Lara, Ward and Aguilar",George Ewing,+1-789-416-9185x69830,12103 Keller Glens Apt. 668,Congo
283,Nielsen Ltd,Cynthia Lee,(815)367-9861,89640 Welch Ferry Apt. 934,Luxembourg
284,"Pace, Neal and Smith",Richard Zuniga,(277)258-4761,24529 Taylor Tunnel,Western Sahara
285,Miller-Zhang,Elizabeth Vance,654.686.8404x4441,228 Duffy Expressway,Cyprus
286,Jackson PLC,Jennifer Wilson,208-398-1527,90936 Anthony Forest Apt. 065,Chad
287,Gonzalez-Mccoy,James Mayer,001-492-678-4886x90510,8098 Shannon Vista Suite 140,Pitcairn Islands
288,Chambers PLC,Justin Ellis,563.434.0838x887,34192 Campos Corners,Angola
289,"Chandler, Green and Sanchez",Jamie White,731-801-0012x5351,2459 David Wells Suite 169,Gabon
290,Sanchez Ltd,Justin Morales,001-274-539-8610x703,049 Fuller Loop,Bolivia
291,"Cox, Beasley and Glass",Ashley Gardner,889.671.7152x359,99866 Church Fords,Cayman Islands
292,Hickman-Gardner,James Simpson,444.605.6059x410,1831 Whitaker Cape Apt. 156,Jamaica
293,"Bartlett, Patterson and Wang",Sara Gonzalez,676.806.0739,0794 William Fords Suite 698,Yemen
294,Gregory and Sons,Bailey Rodriguez,599-811-0583,891 Tiffany Crossing,Bosnia and Herzegovina
295,"Sanders, Diaz and Perkins",Rebecca Carr,9884460825,3535 Robert Circle,Pakistan
296,"Bennett, Juarez and Silva",John Ross,342-620-1087,14954 Smith River,Australia
297,Webster Inc,Christopher Anderson,+1-429-433-3844,69705 Byrd Walks Apt. 070,Angola
298,"Tapia, Raymond and Thornton",Gregory James,(774)457-3889,75792 Nathaniel Roads Suite 796,Belarus
299,"Barr, Owen and Waller",Angela Banks,+1-821-243-6680x90065,52693 Elizabeth Loaf,Burkina Faso
300,Swanson-Ortiz,Amanda Trevino,+1-523-911-9099x9597,0934 Shelly Views,Afghanistan
301,Hall-Rodriguez,Jeffrey Smith,001-363-457-6398x1608,91358 Graves Fall,Jersey
302,"Everett, Matthews and Mcpherson",Janet Ruiz,498.494.3049x0315,745 Robert Groves,Zimbabwe
303,Lowe Inc,David Miller,(492)280-8929x963,614 Gonzales Knolls,San Marino
304,Mclaughlin-Anthony,Luke Martin,9386123702,19003 Aaron Groves,Maldives
305,Mcdonald LLC,Gail Guzman,266-995-3531,923 Scott View Apt. 674,Syrian Arab Republic
306,"Hogan, Blake and Sullivan",Daniel Hill,001-254-896-2113,89379 Lucas Ridge,Bolivia
307,"Perez, Miller and Jimenez",Joan Ingram,771.984.0807x7139,786 Danny Prairie Apt. 837,Kazakhstan
308,Taylor-Pearson,Kara Contreras,487.419.6321x5547,6730 Perez Springs,United Arab Emirates
309,Robertson Inc,Brian Arellano,939.938.4898x303,4210 Velasquez Orchard Apt. 098,Comoros
310,Salazar-Clark,Joyce Miller,(807)940-9634x71611,283 Shawn Mission,British Virgin Islands
311,Jackson-Hill,Ryan Schneider,(326)827-4879,878 Melissa Lane Suite 801,Andorra
312,Carpenter-Church,Mitchell Stanley,753.946.7140x04281,202 Gerald Dam Apt. 370,British Virgin Islands
313,Flores-Lewis,Lisa Anderson,+1-391-561-3664x240,83866 Washington Ridge,United Kingdom
314,"Johnson, Houston and Martinez",Shannon Rodriguez,843.461.7626x95691,1474 Rachel Orchard,Saint Helena
315,White PLC,Christopher Kirby,5358029519,87599 Daniel Pine Apt. 460,Peru
316,"Fernandez, Garcia and Gomez",Tanya Jones,(975)796-7993,5468 Ramirez Bypass,Poland
317,Carrillo-Carlson,Antonio Becker,(529)868-4835,7726 Smith Ranch Apt. 604,Mayotte
318,Hudson Group,Emily Clark,001-227-722-2067x687,9074 Bridges Plains Apt. 441,Saint Barthelemy
319,"Garcia, Wright and Stevens",Joshua Anderson,392-974-8084x7773,3873 Schmitt Streets,Burundi
320,Woodard and Sons,Pamela Lopez,001-473-240-5244x3411,5757 Ryan Stravenue Apt. 529,Armenia
321,"Scott, Lee and Garcia",Robert Smith,001-875-859-3021x93278,72103 Singh Mount,Seychelles
322,Simpson and Sons,Scott Cooper,6165239437,267 Michael Views Suite 473,Gibraltar
323,Anderson-Rollins,Kenneth Robinson,001-582-975-9736,5449 Lawson Junctions,Rwanda
324,Gonzalez LLC,Brittany Wood,939.378.7008,650 Patterson Avenue Suite 161,American Samoa
325,"Johnson, Baker and Johnson",Mr. Jeffery Moore,424-719-7411,2562 Castaneda Ridge Suite 481,Guyana
326,Moore-Carlson,Donald Crawford,(597)646-9748,041 Daniel Avenue Suite 784,Guadeloupe
327,Walker PLC,William Moran,001-349-935-1663,594 Chelsea Village,Jersey
328,Wright Ltd,Stacy Perez,6783305869,78517 Maria Grove Apt. 804,Qatar
329,Davidson-Daugherty,Lynn Murphy,283-790-9534x1257,31389 Jennifer Spring Apt. 564,Mayotte
330,Mejia-Smith,Eric Schwartz,454.279.4390x86268,6330 Joseph Pass,Lesotho
331,Patel Inc,Adam Camacho,770-611-6156x3976,582 Brown Lake Apt. 927,Myanmar
332,Doyle LLC,Dennis George,703.488.5919,89301 Richard Tunnel,India
333,"Lang, Johnson and Johnson",Richard Stephens,2883371353,01279 Brian Club,Lebanon
334,Jordan-Donaldson,Haley Gonzalez,(775)758-1625,97006 Turner Locks,Faroe Islands
335,Cardenas-Jones,Heather Bass,564.887.3769x688,85501 Walters Groves,Madagascar
